Observation Code,Observation Title,Indication Text Description,Contraindication Text Description,Clarifying Text,SNOMED (Code),CVX (Code),PHIN VS (Code),IVC: expected value type,IVC: expected value type source
001,Patient seeks protection,Administer to persons seeking protection.,n/a,n/a,n/a,n/a,n/a,Yes/No,IVC workbook
002,Undergoing elective splenectomy,Administer to persons who are undergoing elective splenectomy if they have not previously received the vaccine.,n/a,Vaccination 14 or more days before splenectomy is suggested,n/a,n/a,n/a,Yes/No,IVC workbook
003,Immunocompromised,n/a,Do not vaccinate if the patient is immunocompromised.,n/a,Patient Immunocompromised (370388006),n/a,Immunodeficiency due to any cause (VXC27),Yes/No,IVC workbook
004,Recipient of a hematopoietic stem cell transplant,"Administer to recipients of a hematopoietic stem cell transplant [HSCT] 6 to 12 months after a successful transplant, regardless of vaccination history.",n/a,n/a,Hemopoietic stem cell transplant [procedure] (234336002);Transplantation of bone marrow [procedure] (23719005),n/a,n/a,Yes/No,IVC workbook
005,Hepatitis C virus infection,Administer to persons with a hepatitis C virus infection.,n/a,n/a,Viral hepatitis type C [disorder] (50711007),n/a,n/a,Yes/No,IVC workbook
006,Receives clotting factor concentrates,Administer to persons who receive clotting factor concentrates.,n/a,n/a,n/a,n/a,n/a,Yes/No,IVC workbook
007,Pregnant,Administer to persons who are pregnant.,Do not vaccinate if the patient is pregnant.,n/a,Patient currently pregnant [finding] (77386006);Possible pregnancy [finding] (102874004);Pregnant woman [person] (255409004),n/a,n/a,Yes/No,IVC workbook
008,Travel to an area of active cholera transmission,Administer to travelers from the United States traveling to an area of active cholera transmission.,n/a,"An area of active cholera transmission is defined as a province, state, or other administrative subdivision within a country with endemic or epidemic cholera caused by toxigenic V. cholerae O1 and includes areas with cholera activity within the last year that are prone to recurrence of cholera epidemics; it does not include areas where only rare imported or sporadic cases have been reported.",n/a,n/a,n/a,Yes/No,IVC workbook
009,Breastfeeding,n/a,Do not vaccinate if the patient is breastfeeding.,n/a, Breastfeeding [mother] [observable entity] (413712001),n/a,n/a,Yes/No,IVC workbook
010,Cerebrospinal fluid leaks,Administer to persons who have cerebrospinal fluid leaks.,Do not vaccinate if the patient has cerebrospinal fluid leaks.,n/a,Cerebrospinal fluid leak [disorder] (230744007),n/a,n/a,Yes/No,IVC workbook
011,Cochlear implants,Administer to persons who have cochlear implants.,Do not vaccinate if the patient has cochlear implants.,n/a,"Cochlear prosthesis in situ [finding] (449840001);Cochlear prosthesis, device [physical object] (43252007);Implantation of cochlear prosthetic device [procedure] (359612003)",n/a,n/a,Yes/No,IVC workbook
012,Family history of altered immunocompetence,n/a,Do not vaccinate if the patient has a family history of altered immunocompetence,Harmonizes with the vaccine-specific statements in accommodating infants and toddlers with occult heritable congenital immunodeficiencies.,n/a,n/a,n/a,Yes/No,IVC workbook
013,Severe Combined Immunodeficiency [SCID],n/a,Do not vaccinate if the patient has Severe Combined Immunodeficiency [SCID].,n/a,Severe combined immunodeficiency disease [disorder] (31323000),n/a,n/a,Yes/No,IVC workbook
014,Diabetes,Administer to persons who have diabetes.,n/a,n/a,Diabetes mellitus [disorder] (73211009),n/a,n/a,Yes/No,IVC workbook
015,Chronic liver disease,Administer to persons who have chronic liver disease.,n/a,Includes cirrhosis,Chronic liver disease [disorder] (328383001);Cirrhosis of liver [disorder] (19943007),n/a,n/a,Yes/No,IVC workbook
016,Chronic heart disease,Administer to persons who have chronic heart disease.,Do not vaccinate persons who have chronic heart disease.,"e.g. congestive heart failure and cardiomyopathies, excluding hypertension",Chronic heart disease [disorder] (128238001);Congestive heart failure [disorder] (42343007);Myocardial disease [disorder] (57809008);Cyanotic congenital heart disease [disorder] (12770006);Coronary arteriosclerosis [disorder] (53741008);Mitral valve stenosis [disorder] (79619009);Cardiac arrhythmia [disorder] (698247007),n/a,n/a,Yes/No,IVC workbook
017,Chronic lung disease,Administer to persons who have chronic lung disease.,n/a,"e.g. chronic obstructive lung disease, emphysema but not asthma",Chronic lung disease [disorder] (413839001);Chronic obstructive lung disease [disorder] (13645005);Pulmonary emphysema [disorder] (87433001);Chronic respiratory failure [disorder] (39871006);Chronic respiratory insufficiency [disorder] (427896006);Chronic disease of respiratory system [disorder] (17097001),n/a,n/a,Yes/No,IVC workbook
018,Laboratory Evidence of Immunity or confirmation of Hepatitis A disease,n/a,n/a,n/a,Hepatitis A Immune [Finding] (278971009),n/a,n/a,Yes/No,IVC workbook
019,Laboratory Evidence of Immunity or confirmation of Hepatitis B disease,n/a,n/a,n/a,Hepatitis B Immune [Finding] (271511000),n/a,n/a,Yes/No,IVC workbook
020,Laboratory Evidence of Immunity for Measles,n/a,n/a,n/a,Measles Immune [finding] (371111005),n/a,n/a,Yes/No,IVC workbook
021,Laboratory Evidence of Immunity for Mumps,n/a,n/a,n/a,Mumps Immune [finding] (371112003),n/a,n/a,Yes/No,IVC workbook
022,Laboratory Evidence of Immunity for Rubella,n/a,n/a,n/a,Rubella Immune [finding] (278968001),n/a,n/a,Yes/No,IVC workbook
023,Laboratory Evidence of Immunity or confirmation of Varicella disease,n/a,n/a,n/a,Varicella Immune (371113008),n/a,n/a,Yes/No,IVC workbook
024,Healthcare provider verified history of or diagnosis of Varicella,n/a,n/a,n/a,Varicella [Disorder] (38907003),n/a,n/a,Yes/No,IVC workbook
025,Healthcare provider verified history or diagnosis of Herpes Zoster,n/a,n/a,n/a,Herpes Zoster [Disorder] (4740000),n/a,n/a,Yes/No,IVC workbook
026,Persons with perinatal HIV infection who do not have evidence of severe immunosuppression and who were vaccinated with MMR before establishment of antiviral therapy [ART],Administer to persons with perinatal HIV infection who do not have evidence of severe immunosuppression and who were vaccinated with MMR before establishment of antiviral therapy [ART].,n/a,n/a,Human immunodeficiency virus infection [disorder] (86406008);Antiviral therapy [procedure] (427314002),n/a,n/a,Yes/No,IVC workbook
027,Asthma,Administer to persons who have asthma.,Do not vaccinate if the patient has asthma.,n/a,Asthma finding [finding] (390798007); Asthma [disorder] (195967001),n/a,n/a,Yes/No,IVC workbook
028,Intussusception,n/a,Do not vaccinate if the patient has intussusception.,Includes history of uncorrected congenital malformation of the gastrointestinal tract that would predispose the infant to intussusception or history of intussusception.,Intussusception [morphologic abnormality] (35327006);Intussusception of intestine [disorder] (49723003),n/a,Previous history of intussusception (VXC21),Yes/No,IVC workbook
029,Acute gastroenteritis,n/a,Do not vaccinate if the patient has acute gastroenteritis.,n/a,Acute gastroenteritis [disorder] (69776003),n/a,n/a,Yes/No,IVC workbook
030,Acute febrile illness,n/a,Do not vaccinate if the patient has acute febrile illness.,n/a,n/a,n/a,n/a,Yes/No,IVC workbook
031,Tuberculosis,Administer to persons who have tuberculosis,Do not vaccinate if the patient has active untreated tuberculosis.,n/a,Tuberculosis [disorder] (56717001),n/a,n/a,Yes/No,IVC workbook
032,Dialysis patient,"Administer to hemodialysis patients and predialysis, peritoneal dialysis, and home dialysis patients",n/a,n/a,n/a,n/a,n/a,Yes/No,IVC workbook
033,Taken influenza antiviral medications within the previous 48 hours,n/a,Do not vaccinate if the patient has taken influenza antiviral medications  within the previous 48 hours.,"e.g. amantadine, rimantadine, zanamivir, or oseltamivir",Amantadine [substance] (372763006);Amantadine [product] (51361008);Rimantadine [substance] (372532009);Rimantadine [product] (108712009);Zanamivir [substance] (387010007);Zanamivir [product] (116100000);Oseltamivir [substance] (412261005);Oseltamivir [product] (386142008),n/a,n/a,Yes/No,IVC workbook
034,Receiving long-term aspirin therapy,n/a,Do not vaccinate if the patient is receiving long-term aspirin therapy.,n/a,Aspirin therapy finding [finding] (405742008),n/a,n/a,Yes/No,IVC workbook
035,Antimicrobial or antimalarial taken within 72 hours,n/a,Do not vaccinate if the patient  has taken antimicrobial or antimalarial medications  within the previous 72 hours.,"A longer interval should be considered for long-acting antimicrobials [e.g., the antimalarial agents mefloquine and chloroquine and the combinations atovaquone/proguanil and pyrimethamine/sulfadoxine can, at doses used for prophylaxis, be administered together with the Ty21a vaccine; however, the manufacturer advises that other antimalarial agents only be administered at least 3 days after the last vaccine dose).",n/a,n/a,n/a,Yes/No,IVC workbook
036,Men who have sex with men,Administer to men who have sex with men.,n/a,n/a,Male homosexual [finding] (76102007);Homosexual behavior [finding] (225531006),n/a,n/a,Yes/No,IVC workbook
037,"Not in a long-term, mutually monogamous relationship","Administer to persons not in a long-term, mutually monogamous relationship.",n/a,e.g. persons with more than 1 sex partner during the previous 6 months,Multiple sexual contacts [finding] (225516002);Multiple current sexual partners [finding] (228460004);Commitment to sexual relationship [observable entity] (228466005),n/a,n/a,Yes/No,IVC workbook
038,Sex partner of Hepatitis B surface antigen-positive persons,Administer to persons who are a sex partner of a Hepatitis B surface antigen-positive person.,n/a,n/a,Sexual partners [observable entity] (225517006);Contact with [contextual qualifier] [qualifier value] (11723008);Hepatitis B surface antigen positive [finding] (165806002),n/a,n/a,Yes/No,IVC workbook
039,Receives treatment for STD,Administer to persons who receive treatment for STD.,n/a,n/a,Under care of genitourinary medicine physician [finding] (305489005);Seen by genitourinary medicine physician [finding] (305679000);Sexually transmitted infectious disease [disorder] (8098009),n/a,n/a,Yes/No,IVC workbook
040,Illicit drug use,Administer to persons who use illicit drugs.,n/a,Includes injection and noninjection illicit drugs,Illicit drug use [finding] (307052004);Finding relating to drug misuse behavior [finding] (228366006),n/a,n/a,Yes/No,IVC workbook
041,Illicit injection drug use,Administer to persons who use illicit injection drugs.,n/a,n/a,Injecting drug user [finding] (226034001);Intravenous drug user  [finding] (228388006);Intravenous cocaine abuse [disorder] (145101000119102);Skin lesion due to intravenous drug abuse [disorder] (403746009);Deep vein thrombosis of lower extremity due to intravenous drug use [disorder] (860699005),n/a,n/a,Yes/No,IVC workbook
042,Smoke cigarettes,Administer to persons who smoke cigarettes.,n/a,n/a,Smoker [finding] (77176002),n/a,n/a,Yes/No,IVC workbook
043,Alcoholism,Administer to persons who have alcoholism.,n/a,n/a,Problem drinker [finding] (228281002);Alcoholism [disorder] (7200002),n/a,n/a,Yes/No,IVC workbook
044,Anticipate close personal contact with international adoptee,Administer to persons who anticipate close personal contact with an international adoptee during the first 60 days.,n/a,"e.g., household or regular babysitting
Applies when adoptee is from a country with high or intermediate endemicity",n/a,n/a,n/a,Yes/No,IVC workbook
045,Travel to country with a Yellow Fever vaccination entry requirement,Administer to persons who travel to a country with a Yellow Fever vaccination entry requirement.,n/a, A list of country-specific requirements is available at https://www.cdc.gov/yellow-book/hcp/travel-associated-infections-diseases/yellow-fever.html,n/a,n/a,n/a,Yes/No,IVC workbook
046,College students living in residence halls,Administer to college students living in residence halls.,n/a,n/a,n/a,n/a,n/a,Yes/No,IVC workbook
047,Resident of area at risk for exposure to the disease,Administer to residents of an area at risk for exposure to the disease.,n/a,n/a,n/a,n/a,n/a,Yes/No,IVC workbook
048,Travelling Internationally,Administer to persons who will be travelling internationally.,n/a,n/a,n/a,n/a,n/a,Yes/No,IVC workbook
049,Working with Hepatitis A virus in research setting,Administer to persons who work with Hepatitis A virus in a research setting.,n/a,Includes working with HAV-infected primates or with HAV in a research laboratory setting,n/a,n/a,n/a,Yes/No,IVC workbook
050,Microbiologists routinely exposed to Neisseria meningitidis,Administer to microbiologists routinely exposed to isolates of Neisseria meningitidis.,n/a,n/a,"Microbiologist [occupation] (159138004);
Medical microbiologist [occupation] (14698002);
Exposure to [contextual qualifier] [qualifier value] (24932003);
Neisseria meningitidis [organism] (17872004)",n/a,n/a,Yes/No,IVC workbook
051,Microbiology laboratorians who work frequently with S. typhi,Administer to persons who are microbiology laboratorians who work frequently with S. typhi.,n/a,n/a,"Microbiologist [occupation] (159138004);Medical microbiologist [occupation] (14698002);Laboratory technician [occupation] (159282002);Exposure to [contextual qualifier] [qualifier value] (24932003);Salmonella Typhi [organism] (5595000)
",n/a,n/a,Yes/No,IVC workbook
052,Laboratory personnel who might be exposed to YFV,Administer to laboratory personnel who might be exposed to virulent YFV or to concentrated preparations of YF vaccine virus strains by direct or indirect contact or by aerosols.,n/a,n/a,Laboratory technician [occupation] (159282002);Exposure to [contextual qualifier] [qualifier value] (24932003);Yellow fever virus [organism] (26630006),n/a,n/a,Yes/No,IVC workbook
053,Rabies researchers,Administer to Rabies researchers.,n/a,n/a,Laboratory technician [occupation] (159282002);Exposure to [contextual qualifier] [qualifier value] (24932003);Rabies virus [organism] (59881000),n/a,n/a,Yes/No,IVC workbook
054,Laboratory workers who handle specimens that might contain polioviruses,Administer to laboratory workers who handle specimens that might contain polioviruses.,n/a,n/a,Laboratory technician [occupation] (159282002);Exposure to [contextual qualifier] [qualifier value] (24932003);Human poliovirus [organism] (44172002),n/a,n/a,Yes/No,IVC workbook
055,Health care personnel,Administer to healthcare personnel without evidence of immunity.,n/a,A general definition of health care personnel is given in the National Healthcare Safety Network [NHSN] manual [https://www.cdc.gov/nhsn/pdfs/hps-manual/hps_manual-exp-plus-flu-portfolio.pdf] in the definitions section.,Healthcare professional [occupation] (223366009),n/a,n/a,Yes/No,IVC workbook
056,Health-care workers who have close contact with patients who might be excreting wild polioviruses,Administer to health-care workers who have close contact with patients who might be excreting wild polioviruses.,n/a,n/a,Healthcare professional [occupation] (223366009);Exposure to [contextual qualifier] [qualifier value] (24932003);Human poliovirus [organism] (44172002),n/a,n/a,Yes/No,IVC workbook
057,Public safety worker exposed to blood or infection body fluids,Administer to public safety workers exposed to blood or infection body fluids,n/a,n/a,"Public health nurse [occupation] (26369006);Public health dentist [occupation] (68867008);Public health officer [occupation] (307969004);
Public health physician [occupation] (56466003);Public health veterinarian [occupation] (56079002);Public health nutritionist [occupation] (60008001);
Exposure to [contextual qualifier] [qualifier value] (24932003);Blood [substance] (87612001);Body fluid [substance] (32457005)",n/a,n/a,Yes/No,IVC workbook
058,Staff of institution for persons with developmental disabilities,Administer to staff of institution for persons with developmental disabilities,n/a,n/a,n/a,n/a,n/a,Yes/No,IVC workbook
059,Occupational exposure for Hepatitis A,Administer to persons who have an occupational exposure for Hepatitis A,n/a,Consideration may be given to vaccination of employees who work in areas where state and local health authorities or private employers determine that such vaccination is appropriate.,Healthcare professional [occupation] (223366009);Residential child care worker [occupation] (158942005);Child care officer [occupation] (158939004);Plumber [general] [occupation] (73851001);Sewerman [occupation] (160157004);Food/drink processor [occupation] (266006009);Catering services occupation [occupation] (274272004);Packer - food/garden produce [occupation] (160133004),n/a,n/a,Yes/No,IVC workbook
060,Veterinarians and their staff,Administer to veterinarians and their staff.,n/a,n/a,Animal health occupation [occupation] (265940000),n/a,n/a,Yes/No,IVC workbook
061,Animal handlers,Administer to animal handlers.,n/a,n/a,Trainer - performing animals [occupation] (159091009),n/a,n/a,Yes/No,IVC workbook
062,Persons whose activities bring them into frequent contact with rabies virus or potentially rabid animals,Administer to persons whose activities bring them into frequent contact with rabies virus or potentially rabid animals.,n/a,"Occupational or recreational activities that typically involve contact with animals include 1) veterinarians, technicians, animal control officers, and their students or trainees; 2) persons who handle wildlife reservoir species (e.g., wildlife biologists, rehabilitators, and trappers); and 3) spelunkers",Exposure to [contextual qualifier] [qualifier value] (24932003);Rabies virus [organism] (59881000),n/a,n/a,Yes/No,IVC workbook
063,Post secondary student,Administer to persons who are students in a postsecondary educational institution.,n/a,n/a,Student [occupation] (65853000);Further education establishment [environment] (257561002),n/a,n/a,Yes/No,IVC workbook
064,Military recruits,Administer to military recruits.,n/a,n/a,n/a,n/a,n/a,Yes/No,IVC workbook
065,Client of institution for persons with developmental disabilities,Administer to persons who are a client of institution for persons with developmental disabilities.,n/a,n/a,n/a,n/a,n/a,Yes/No,IVC workbook
066,Chronic renal failure,Administer to persons with chronic renal failure.,Do not vaccinate if the patient has chronic renal failure.,n/a,Chronic renal failure syndrome [disorder] (90688005),n/a,n/a,Yes/No,IVC workbook
068,In drug abuse treatment and prevention facility,Administer to persons who are in a drug abuse treatment and prevention facility.,n/a,n/a,Substance abuse treatment center [environment] (20078004),n/a,n/a,Yes/No,IVC workbook
069,In correctional facility,Administer to persons who are in a correctional facility.,n/a,n/a,Penal institution [environment] (257656006),n/a,n/a,Yes/No,IVC workbook
070,Persons at risk during an outbreak,Administer to persons identified as at increased risk during a community outbreak attributable to a vaccine serogroup.,n/a,n/a,At risk context [qualifier value] (410519009);Disease outbreak [event] (443684005),n/a,n/a,Yes/No,IVC workbook
071,Household contact with hepatitis B surface antigen-positive persons,Administer to persons who have household contact with hepatitis B surface antigen-positive persons.,n/a,n/a,Contact with [contextual qualifier] [qualifier value] (11723008);Hepatitis B surface antigen positive [finding] (165806002),n/a,n/a,Yes/No,IVC workbook
072,Intimate exposure to a documented S. typhi carrier,Administer to persons who have intimate exposure to a documented S. typhi carrier.,n/a,"e.g., household contact",Typhoid carrier [finding] (170484009),n/a,n/a,Yes/No,IVC workbook
073,Household and close contacts of immunocompromised persons,Administer to persons who are household and close contacts of immunocompromised persons.,"Do not vaccinate if potential vaccinee has a household contact who is immunocompromised. Household contacts include persons with prolonged intimate contact with the potential vaccinee (e.g., sexual contacts) and others who might have direct contact with the vaccination site or with potentially contaminated materials (e.g., dressings or clothing).",n/a,n/a,n/a,n/a,Yes/No,IVC workbook
074,Negative serological screening for varicella,Administer to persons who are serologically negative for varicella.,n/a,n/a,n/a,n/a,n/a,Yes/No,IVC workbook
075,Transgender person,Administer to transgender persons.,n/a,n/a,Transgender identify [finding] (12271241000119109),n/a,n/a,Yes/No,IVC workbook
076,Progressive neurologic disorder,n/a,"Do not vaccinate if the patient has progressive neurologic disorder until a treatment regimen has been
established and the condition has stabilized.","Includes infantile spasms, uncontrolled epilepsy, or progressive encephalopathy for the administration of any pertussis-containing
vaccine",Epilepsy [disorder] (84757009),n/a,n/a,Yes/No,IVC workbook
077,Received inactivated or unknown measles vaccine between 1963-1967,Administer to persons who received inactivated or unknown measles vaccine between 1963-1967.,n/a,n/a,n/a,n/a,n/a,Yes/No,IVC workbook
078,Received killed or unknown Mumps vaccine before 1979,Administer to persons who received killed or unknown Mumps vaccine before 1979.,n/a,n/a,n/a,n/a,n/a,Yes/No,IVC workbook
079,"Encephalopathy not attributable to another identifiable cause within 7 days of administration of a previous dose of Tdap, DTP, or DTaP vaccine",n/a,"Do not vaccinate if the patient has had encephalopathy not attributable to another identifiable cause within 7 days of administration of a previous dose of Tdap, DTP, or DTaP vaccine.",n/a,Post diphtheria vaccination encephalitis [disorder] (192711008);Post tetanus vaccination encephalitis [disorder] (192710009);Post pertussis vaccination encephalitis [disorder] (192712001),n/a,Encephalopathy within 7 days of previous dose of DTP or DTaP (VXC22),Yes/No,IVC workbook
080,Adverse reaction to vaccine component,n/a,Do not vaccinate if the patient has had an adverse reaction to a vaccine component.,n/a,Vaccines adverse reaction [disorder] (293104008),n/a,Allergy to previous dose of this vaccine or to any of its unlisted vaccine components [anaphylactic] (VXC20),Yes/No,IVC workbook
081,Severe allergic reaction after previous dose of Polio,n/a,Do not vaccinate if the patient has had a severe allergic reaction after a previous dose of Polio vaccine.,n/a,Poliomyelitis vaccine adverse reaction [disorder] (293117006),"OPV (02);IPV (10);Polio, unspecified formulation (89);DTaP-HepB-IPV (110);DTaP-Hib-IPV (120);DTaP-IPV (130);DTaP-IPV-Hib-HepB, Historical (132);DTaP-IPV-Hib-HepB (146)",Allergy to previous dose of this vaccine or to any of its unlisted vaccine components [anaphylactic] (VXC20),Yes/No,IVC workbook
082,Severe allergic reaction after previous dose of Japanese Encephalitis,n/a,Do not vaccinate if the patient has had a severe allergic reaction after a previous dose of Japanese Encephalitis vaccine.,n/a,Adverse reaction caused by Japanese encephalitis virus vaccine [disorder] (451301000124103),"Japanese Encephalitis, MB (39);Japanese Encephalitis, VC (134);Japanese Encephalitis, unspecified (129)",Allergy to previous dose of this vaccine or to any of its unlisted vaccine components [anaphylactic] (VXC20),Yes/No,IVC workbook
083,Severe allergic reaction after previous dose of Rotavirus,n/a,Do not vaccinate if the patient has had a severe allergic reaction after a previous dose of Rotavirus vaccine.,n/a,Adverse reaction to rotavirus vaccine [disorder] (429301000124101);,"Rotavirus, pentavalent (116);Rotavirus, unspecified formulation (122);Rotavirus, tetravalent (74);Rotavirus, monovalent (119)",Allergy to previous dose of this vaccine or to any of its unlisted vaccine components [anaphylactic] (VXC20),Yes/No,IVC workbook
084,Severe allergic reaction after previous dose of Typhoid,n/a,Do not vaccinate if the patient has had a severe allergic reaction after a previous dose of Typhoid vaccine.,n/a,Typhoid vaccine adverse reaction [disorder] (293122006),"Typhoid capsular polysaccharide (101);Typhoid oral, live, attenuated (25);Typhoid, parenteral (41);Typhoid, parenteral, AKD [U.S. military] (53);Typhoid, unspecified formulation (91)",Allergy to previous dose of this vaccine or to any of its unlisted vaccine components [anaphylactic] (VXC20),Yes/No,IVC workbook
085,Severe allergic reaction after previous dose of Influenza,n/a,Do not vaccinate if the patient has had a severe allergic reaction after a previous dose of Influenza vaccine.,n/a,Influenza virus vaccine adverse reaction [disorder] (420113004),"Influenza, split incl. purified surface antigen (15);Influenza, whole (16);Influenza, Unspecified (88);Influenza, live, intranasal (111);Influenza, high dose seasonal (135);Influenza, injectable preservative free (140);Influenza, injectable (141);Influenza, intradermal, preservative free (144);influenza, live, intranasal, quadrivalent (149);influenza, injectable, quadrivalent, preservative free (150);influenza nasal, unspecified formulation (151);Influenza, injectable, MDCK, preservative free (153);influenza, recombinant, injectable, preservative free (155);Influenza, injectable, quadrivalent (158);Influenza, injectable, quadrivalent, preservative free, peds (161);Influenza, intradermal, quadrivalent, preservative free (166)",Allergy to previous dose of this vaccine or to any of its unlisted vaccine components [anaphylactic] (VXC20),Yes/No,IVC workbook
086,Severe allergic reaction after previous dose of Pertussis,n/a,Do not vaccinate if the patient has had a severe allergic reaction after a previous dose of Pertussis vaccine.,n/a,Pertussis vaccine adverse reaction [disorder] (293115003),"DTP (01);DTaP (20);DTP-Hib (22);DTaP-Hib (50);DTP-Hib-HepB (102);DTaP, 5 pertussis antigens (106);DTaP, Unspecified Formulation (107);DTaP-HepB-IPV (110);Tdap (115);DTaP-Hib-IPV (120);DTaP-IPV (130);DTaP-IPV-Hib-HepB, historical (132);DTaP-IPV-Hib-HepB (146)",Allergy to previous dose of this vaccine or to any of its unlisted vaccine components [anaphylactic] (VXC20),Yes/No,IVC workbook
087,Severe allergic reaction after previous dose of Diphtheria,n/a,Do not vaccinate if the patient has had a severe allergic reaction after a previous dose of Diphtheria vaccine.,n/a,Adverse reaction to diphtheria vaccine [disorder] (219085007),"DTP (01);Td - Adult Adsorbed (09);DTaP (20);DTP-Hib (22);DT - Pediatric (28);DTaP-Hib (50);DTP-Hib-HepB (102);DTaP, 5 pertussis antigens (106);DTaP, Unspecified Formulation (107);DTaP-HepB-IPV (110);Td p-free (113);Tdap (115);DTaP-Hib-IPV (120);DTaP-IPV (130);DTaP-IPV-Hib-HepB, historical (132);Td - Adult (138);Td - Adult Unspecified Formulation (139);DTaP-IPV-Hib-HepB (146)",Allergy to previous dose of this vaccine or to any of its unlisted vaccine components [anaphylactic] (VXC20),Yes/No,IVC workbook
088,Severe allergic reaction after previous dose of Tetanus,n/a,Do not vaccinate if the patient has had a severe allergic reaction after a previous dose of Tetanus vaccine.,n/a,Adverse reaction to tetanus vaccine [disorder] (219084006),"DTP (01);Td - Adult Adsorbed (09);DTaP (20);DTP-Hib (22);DT - Pediatric (28);TT (35);DTaP-Hib (50);DTP-Hib-HepB (102);DTaP, 5 pertussis antigens (106);DTaP, Unspecified Formulation (107);DTaP-HepB-IPV (110);Td p-free (113);Tdap (115);DTaP-Hib-IPV (120);DTaP-IPV (130);DTaP-IPV-Hib-HepB, historical (132);Td - Adult (138);Td - Adult Unspecified Formulation (139);DTaP-IPV-Hib-HepB (146)",Allergy to previous dose of this vaccine or to any of its unlisted vaccine components [anaphylactic] (VXC20),Yes/No,IVC workbook
089,Severe allergic reaction after previous dose of Varicella,n/a,Do not vaccinate if the patient has had a severe allergic reaction after a previous dose of Varicella vaccine.,n/a,Adverse reaction caused by varicella virus live vaccine [disorder] (451331000124106),Varicella (21);MMRV (94);Zoster (121),Allergy to previous dose of this vaccine or to any of its unlisted vaccine components [anaphylactic] (VXC20),Yes/No,IVC workbook
090,Severe allergic reaction after previous dose of HPV,n/a,Do not vaccinate if the patient has had a severe allergic reaction after a previous dose of HPV vaccine.,n/a,Adverse reaction to human papillomavirus vaccine [disorder] (429311000124103),4vHPV (62);2vHPV (118);HPV Unspecified (137);9vHPV (165),Allergy to previous dose of this vaccine or to any of its unlisted vaccine components [anaphylactic] (VXC20),Yes/No,IVC workbook
091,Severe allergic reaction after previous dose of Measles,n/a,Do not vaccinate if the patient has had a severe allergic reaction after a previous dose of Measles vaccine.,n/a,Adverse reaction to measles vaccine [disorder] (219096004),MMR (03);Measles/Rubella (04);Measles (05);MMRV (94),Allergy to previous dose of this vaccine or to any of its unlisted vaccine components [anaphylactic] (VXC20),Yes/No,IVC workbook
092,Severe allergic reaction after previous dose of Mumps,n/a,Do not vaccinate if the patient has had a severe allergic reaction after a previous dose of Mumps vaccine.,n/a,Mumps vaccine adverse reaction [disorder] (293114004),MMR (03);Mumps (07);Rubella/Mumps (38);MMRV (94),Allergy to previous dose of this vaccine or to any of its unlisted vaccine components [anaphylactic] (VXC20),Yes/No,IVC workbook
093,Severe allergic reaction after previous dose of Rubella,n/a,Do not vaccinate if the patient has had a severe allergic reaction after a previous dose of Rubella vaccine.,n/a,Rubella vaccine adverse reaction [disorder] (293119009),MMR (03);Measles/Rubella (04);Rubella (06);Rubella/Mumps (38);MMRV (94),Allergy to previous dose of this vaccine or to any of its unlisted vaccine components [anaphylactic] (VXC20),Yes/No,IVC workbook
094,Severe allergic reaction after previous dose of Pneumococcal,n/a,Do not vaccinate if the patient has had a severe allergic reaction after a previous dose of Pneumococcal vaccine.,n/a,Pneumococcal vaccine adverse reaction [disorder] (293116002),"PCV13 (133);PCV7 (100);PPSV23 (33);Pneumococcal, unspecified formulation (109);Pneumococcal Conjugate, unspecified formulation (152)",Allergy to previous dose of this vaccine or to any of its unlisted vaccine components [anaphylactic] (VXC20),Yes/No,IVC workbook
095,Severe allergic reaction after previous dose of Meningococcal,n/a,Do not vaccinate if the patient has had a severe allergic reaction after a previous dose of Meningococcal vaccine.,n/a,Adverse reaction to meningococcal vaccine [disorder] (2219088009); Adverse reaction caused by meningococcal conjugate vaccine [disorder] (451111000124103),"Meningococcal, MPSV4 (32);Meningococcal ACWY, unspecified (108);Meningococcal, MCV4P (114);Meningococcal, MCV4O (136);MCV4, unspecified (147);Meningococcal C/Y-HIB PRP (148);Meningococcal, unknown serogroups (167)",Allergy to previous dose of this vaccine or to any of its unlisted vaccine components [anaphylactic] (VXC20),Yes/No,IVC workbook
096,Severe allergic reaction after previous dose of Hepatitis A,n/a,Do not vaccinate if the patient has had a severe allergic reaction after a previous dose of Hepatitis A vaccine.,n/a,Hepatitis A vaccine adverse reaction [disorder] (293126009),"Hep A, adult (52);Hep A, ped/adol, 2 dose (83);Hep A, ped/adol, 3 dose (84);Hep A, Unspecified (85);HepA-HepB (104)",Allergy to previous dose of this vaccine or to any of its unlisted vaccine components [anaphylactic] (VXC20),Yes/No,IVC workbook
097,Severe allergic reaction after previous dose of Hepatitis B,n/a,Do not vaccinate if the patient has had a severe allergic reaction after a previous dose of Hepatitis B vaccine.,n/a,Hepatitis B vaccine adverse reaction [disorder] (293110008),"Hep B, Adol/peds (08);Hep B, Adol/high risk infant (42);Hep B, Adult (43);Hep B, Dialysis (44);Hep B, Unspecified Formulation (45);Hib-HepB (51);DTaP-Hib-HepB (102);HepA-HepB (104);DTaP-HepB-IPV (110);DTaP-IPV-Hib-HepB, historical (132);DTaP-IPV-Hib-HepB (146)",Allergy to previous dose of this vaccine or to any of its unlisted vaccine components [anaphylactic] (VXC20),Yes/No,IVC workbook
098,Severe allergic reaction after previous dose of Hib,n/a,Do not vaccinate if the patient has had a severe allergic reaction after a previous dose of Hib vaccine.,n/a,Haemophilus influenzae Type B vaccine adverse reaction [disorder] (293127000),"Hib unspecified formulation (17);DTP-Hib (22);PRP-D (46);HbOC (47);PRP-T (48);PRP-OMP (49);DTaP/Hib (50);Hib-HepB (51);DTP-Hib-HepB (102);DTaP-IPV/Hib (120);DTaP-IPV-Hib-HepB, historical (132);DTaP-IPV-Hib-HepB (146);Hib-MenCY-TT (148)",Allergy to previous dose of this vaccine or to any of its unlisted vaccine components [anaphylactic] (VXC20),Yes/No,IVC workbook
099,Severe allergic reaction after previous dose of Yellow Fever,n/a,Do not vaccinate if the patient has had a severe allergic reaction after a previous dose of Yellow Fever vaccine.,n/a,Adverse reaction to yellow fever vaccine [disorder] (219095000),Yellow Fever (25),Allergy to previous dose of this vaccine or to any of its unlisted vaccine components [anaphylactic] (VXC20),Yes/No,IVC workbook
100,Severe allergic reaction after previous dose of live zoster,n/a,Do not vaccinate if the patient has had a severe allergic reaction after a previous dose of live zoster vaccine.,n/a,Adverse reaction caused by zoster vaccine [disorder] (451291000124104),Zoster live (121),Allergy to previous dose of this vaccine or to any of its unlisted vaccine components [anaphylactic] (VXC20),Yes/No,IVC workbook
101,Allergic reaction to egg protein,n/a,Do not vaccinate if the patient has a history of egg allergy.,n/a,Egg protein allergy [disorder] (213020009);Allergy to eggs [disorder] (91930004),n/a,n/a,Yes/No,IVC workbook
102,Severe allergic reaction to gelatin,n/a,Do not vaccinate if the patient has had a severe allergic reaction to gelatin.,n/a,Gelatin adverse reaction [disorder] (293309006);Gelatin allergy [disorder] (294847001),n/a,n/a,Yes/No,IVC workbook
103,Severe allergic reaction to arginine,n/a,Do not vaccinate if the patient has had a severe allergic reaction to arginine.,n/a,n/a,n/a,n/a,Yes/No,IVC workbook
104,Allergic reaction to latex,n/a,Do not vaccinate if the patient has an allergy to latex.,n/a,Latex allergy [disorder] (300916003);Anaphylaxis due to latex [disorder] (441593005),n/a,n/a,Yes/No,IVC workbook
105,Severe allergic reaction to chicken protein,n/a,Do not vaccinate if the patient has had a severe allergic reaction to chicken protein.,n/a,n/a,n/a,n/a,Yes/No,IVC workbook
106,Severe allergic reaction to gentamicin,n/a,Do not vaccinate if the patient has had a severe allergic reaction to gentamicin.,n/a,Gentamycin sensitivity [disorder] (419522004);Gentamicin adverse reaction [disorder] (420094007);Gentamicin allergy [disorder] (294469003),n/a,n/a,Yes/No,IVC workbook
107,Severe allergic reaction to neomycin,n/a,Do not vaccinate if the patient has had a severe allergic reaction to neomycin.,n/a,Neomycin allergy [disorder] (294468006);Neomycin adverse reaction [disorder] (292927007),n/a,n/a,Yes/No,IVC workbook
108,Severe allergic reaction to streptomycin,n/a,Do not vaccinate if the patient has had a severe allergic reaction to streptomycin.,n/a,Streptomycin allergy [disorder] (294466005);Streptomycin adverse reaction [disorder] (292925004),n/a,n/a,Yes/No,IVC workbook
109,Severe allergic reaction to polymyxin B,n/a,Do not vaccinate if the patient has had a severe allergic reaction to polymyxin B. ,n/a,Polymyxin B allergy [disorder] (294530006);Polymyxin B adverse reaction [disorder] (292992006),n/a,n/a,Yes/No,IVC workbook
110,Hypersensitivity to yeast,n/a,Do not vaccinate if the patient has a hypersensitivity to yeast.,n/a,Allergy to yeast [disorder] (703936006),n/a,Allergy to baker's yeast [anaphylactic] (VXC18),Yes/No,IVC workbook
111,Hypersensitivity to the preservative 2-phenoxyethanol,n/a,Do not vaccinate if the patient has a hypersensitivity to the preservative 2-phenoxyethanol.,n/a,n/a,n/a,Allergy [anaphylactic] to 2-phenoxyethanol (VXC17),Yes/No,IVC workbook
112,Hypersensitivity to alum,n/a,Do not vaccinate if the patient has a hypersensitivity to alum.,AKA potassium aluminum sulfate ,n/a,n/a,n/a,Yes/No,IVC workbook
113,Severe allergic reaction after previous dose of Rabies,n/a,Do not vaccinate if the patient has had a severe allergic reaction after a previous dose of Rabies vaccine.,n/a,Rabies vaccine adverse reaction [disorder] (293118001),"Rabies, intramuscular injection (18);Rabies, intradermal injection (40);Rabies, unspecified formulation (90)",Allergy to previous dose of this vaccine or to any of its unlisted vaccine components [anaphylactic] (VXC20),Yes/No,IVC workbook
114,End stage renal disease,Administer to persons who have end stage renal disease.,n/a,includes dialysis patients,End stage renal disease [disorder] (46177005);Dependence on hemodialysis [finding] (443143006);Continuous renal replacement therapy [procedure] (714749008),n/a,n/a,Yes/No,IVC workbook
115,Severe allergic reaction to protamine sulfate,n/a,Do not vaccinate if the patient has had a severe allergic reaction to protamine sulfate.,n/a,Protamine sulfate [substance] (64520006);Protamine allergy [disorder] (294278007),n/a,n/a,Yes/No,IVC workbook
116,Severe allergic reaction after previous dose of Meningococcal B,n/a,Do not vaccinate if the patient has had a severe allergic reaction after a previous dose of Meningococcal B vaccine.,n/a,Adverse reaction caused by meningococcal group B vaccine [disorder] (451281000124102),"Meningococcal B, recombinant (162);Meningococcal B, OMV (163);Meningococcal B, unspecified (164)",Allergy to previous dose of this vaccine or to any of its unlisted vaccine components [anaphylactic] (VXC20),Yes/No,IVC workbook
117,Severe allergic reaction to diphtheria toxoid,n/a,Do not vaccinate if the patient has had a severe allergic reaction to diphtheria toxoid.,n/a,n/a,n/a,n/a,Yes/No,IVC workbook
118,Severe allergic reaction to tetanus toxoid,n/a,Do not vaccinate if the patient has had a severe allergic reaction to tetanus toxoid.,n/a,n/a,n/a,n/a,Yes/No,IVC workbook
119,Severe allergic reaction after previous dose of cholera,n/a,Do not vaccinate if the patient has had a severe allergic reaction after a previous dose of cholera vaccine.,n/a,Adverse reaction caused by cholera vaccine [disorder] (219082005),"cholera, unspecified formulation (26);cholera, WC-rBS (172);cholera, BivWC (173);cholera, live attenuated (174)",Allergy to previous dose of this vaccine or to any of its unlisted vaccine components [anaphylactic] (VXC20),Yes/No,IVC workbook
120,Begin Date of antiviral therapy [ART],n/a,n/a,n/a,n/a,n/a,n/a,Date,IVC workbook
121,Homelessness,Administer to persons who are experiencing homelessness.,n/a,n/a,Homeless [finding] (32911000),n/a,n/a,Yes/No,IVC workbook
122,Severe allergic reaction after previous dose of COVID-19,n/a,Do not vaccinate if the patient has had a severe allergic reaction after a previous dose of COVID-19 vaccine.,n/a,n/a,"COVID-19, mRNA, LNP-S, PF, 30 mcg/0.3 mL dose (208)",Allergy to previous dose of this vaccine or to any of its unlisted vaccine components [anaphylactic] (VXC20),Yes/No,IVC workbook
123,Severe allergic reaction after previous dose of Ebola,n/a,Do not vaccinate if the patient has had a severe allergic reaction after a previous dose of Ebola vaccine.,n/a,n/a,n/a,n/a,Yes/No,IVC workbook
124,Severe allergic reaction to rice protein ,n/a,Do not vaccinate if the patient has had a severe allergic reaction to rice protein.,n/a,n/a,n/a,n/a,Yes/No,IVC workbook
125,Tetanus IG administration,n/a,Do not vaccinate if the patient has had Tetanus IG administered in the previous 3 months.,n/a,n/a,Tetanus immune globulin (13),n/a,Yes/No,IVC workbook
126,Hep A IG administration,n/a,Do not vaccinate if the patient has had Hepatitis A IG administered in the previous 6 months.,n/a,n/a,Hepatitis A immune globulin (154),n/a,Yes/No,IVC workbook
127,Hep B IG administration,n/a,Do not vaccinate if the patient has had Hepatitis B IG administered in the previous 3 months.,n/a,n/a,Hepatitis B immune globulin (30),n/a,Yes/No,IVC workbook
128,Rabies IG administration,n/a,Do not vaccinate if the patient has had Rabies IG administered in the previous 4 months.,n/a,n/a,Rabies immune globulin (34),n/a,Yes/No,IVC workbook
129,Varicella IG administration,n/a,Do not vaccinate if the patient has had Varicella IG administered in the previous 5 months.,n/a,n/a,Varicella zoster immune globulin (36),n/a,Yes/No,IVC workbook
130,Measles prophylaxis IG administration - Standard,n/a,Do not vaccinate if the patient has had Measles IG at a standard dose [0.25 mL/kg] administered in the previous 5 months.,n/a,n/a,n/a,n/a,Yes/No,IVC workbook
131,Measles prophylaxis IG administration - Immunocompromised Contact,n/a,Do not vaccinate if the patient has had Measles IG at an immunocompromised dose [0.5 mL/kg] administered in the previous 6 months.,n/a,n/a,n/a,n/a,Yes/No,IVC workbook
132,RBC [adenine-saline added] blood transfusion,n/a,Do not vaccinate if the patient has received a blood transfusion of adenine-saline added RBCs in the previous 3 months.,n/a,Transfusion of blood product [procedure] (116859006),n/a,n/a,Yes/No,IVC workbook
133,Packed RBC blood transfusion,n/a,Do not vaccinate if the patient has received a blood transfusion of packed RBCs in the previous 6 months.,n/a,Transfusion of blood product [procedure] (116859006),n/a,n/a,Yes/No,IVC workbook
134,Whole blood transfusion,n/a,Do not vaccinate if the patient has received a whole blood transfusion in the previous 6 months.,n/a,Transfusion of blood product [procedure] (116859006),n/a,n/a,Yes/No,IVC workbook
135,Plasma/platelet products blood transfusion,n/a,Do not vaccinate if the patient has received a blood transfusion of plasma or platelet product in the previous 7 months.,n/a,Transfusion of plasma [procedure] (13569004);Platelet transfusion [procedure] (12719002),n/a,n/a,Yes/No,IVC workbook
136,Cytomegalovirus IGIV,n/a,Do not vaccinate if the patient has received Cytomegalovirus IGIV in the previous 6 months.,n/a,n/a,n/a,n/a,Yes/No,IVC workbook
137,IGIV - Replacement therapy for immune deficiencies,n/a,Do not vaccinate if the patient has received IGIV [Replacement therapy for immune deficiencies] in the previous 8 months.,n/a,n/a,n/a,n/a,Yes/No,IVC workbook
138,IGIV - Immune thrombocytopenic purpura treatment,n/a,Do not vaccinate if the patient has received IGIV [Immune thrombocytopenic purpura treatment [400 mg/kg IV]] in the previous 8 months.,400 mg/kg IV,n/a,n/a,n/a,Yes/No,IVC workbook
139,IGIV - Postexposure varicella prophylaxis,n/a,Do not vaccinate if the patient has received IGIV [Postexposure varicella prophylaxis] in the previous 8 months.,n/a,n/a,n/a,n/a,Yes/No,IVC workbook
140,IGIV - Immune thrombocytopenic purpura treatment,n/a,Do not vaccinate if the patient has received IGIV [Immune thrombocytopenic purpura treatment [1000 mg/kg IV]] in the previous 10 months.,1000 mg/kg IV,n/a,n/a,n/a,Yes/No,IVC workbook
141,IGIV - Kawasaki disease,n/a,Do not vaccinate if the patient has received IGIV [Kawasaki disease] in the previous 11 months.,n/a,n/a,n/a,n/a,Yes/No,IVC workbook
142,Travel to or working in countries that have high or intermediate endemicity of Hepatitis A,Administer to persons traveling to or working in countries that have high or intermediate endemicity of Hepatitis A.,n/a,n/a,n/a,n/a,n/a,Yes/No,IVC workbook
143,Travel to areas or countries where polio is epidemic or endemic,Administer to travelers to areas or countries where polio is epidemic or endemic.,n/a,n/a,n/a,n/a,n/a,Yes/No,IVC workbook
144,International travel with possible contact with animals in areas where rabies is enzootic and immediate access to appropriate medical care might be limited,Administer to persons with plans for international travel with possible contact with animals in areas where rabies is enzootic and immediate access to appropriate medical care might be limited.,n/a,"PrEP considerations include whether the travelers 1) will be performing occupational or recreational activities that increase risk for exposure to potentially rabid animals (particularly dogs) and 2) might have difficulty getting prompt access to safe PEP (e.g., rural part of a country or far from closest PEP clinic)",n/a,n/a,n/a,Yes/No,IVC workbook
145,B-lymphocyte [humoral] - Severe antibody deficiencies,"Administer to persons who have severe B-lymphocyte [humoral] - antibody deficiencies [e.g., X-linked agammaglobulinemia and common variable immunodeficiency].","Do not vaccinate if the patient has severe B-lymphocyte [humoral] - antibody deficiencies [e.g., X-linked agammaglobulinemia and common variable immunodeficiency].","e.g., X-linked agammaglobulinemia and common variable immunodeficiency",X-linked agammaglobulinemia [disorder] (65880007);Common variable agammaglobulinemia [disorder] (23238000),n/a,n/a,Yes/No,IVC workbook
146,B-lymphocyte [humoral] - Less severe antibody deficiencies,"Administer to persons who have less severe B-lymphocyte [humoral] - antibody deficiencies [e.g., selective IgA deficiency and IgG subclass deficiency].","Do not vaccinate if the patient has less severe B-lymphocyte [humoral] - antibody deficiencies [e.g., selective IgA deficiency and IgG subclass deficiency].","e.g., selective IgA deficiency and IgG subclass deficiency",Selective immunoglobulin A deficiency [disorder] (190979003);Immunoglobulin G subclass deficiency [finding] (123785006),n/a,n/a,Yes/No,IVC workbook
147,T-lymphocyte [cell-mediated and humoral] - Complete defects,"Administer to persons who have complete cell-mediated or humoral T-lymphocyte defects [e.g., severe combined immunodeficiency [SCID] disease, complete DiGeorge syndrome].","Do not vaccinate if the patient has complete cell-mediated or humoral T-lymphocyte defects [e.g., severe combined immunodeficiency [SCID] disease, complete DiGeorge syndrome].","e.g., severe combined immunodeficiency [SCID] disease, complete DiGeorge syndrome",Severe combined immunodeficiency disease [disorder] (31323000);DiGeorge sequence [disorder] (77128003),n/a,n/a,Yes/No,IVC workbook
148,T-lymphocyte [cell-mediated and humoral] - Partial defects,"Administer to persons who have partial cell-mediated or humoral T-lymphocyte defects [e.g., most patients with DiGeorge syndrome, Wiskott-Aldrich syndrome, ataxia- telangiectasia].","Do not vaccinate if the patient has partial cell-mediated or humoral T-lymphocyte defects [e.g., most patients with DiGeorge syndrome, Wiskott-Aldrich syndrome, ataxia- telangiectasia].","e.g., most patients with DiGeorge syndrome, Wiskott-Aldrich syndrome, ataxia- telangiectasia",DiGeorge sequence [disorder] (77128003);Wiskott-Aldrich syndrome [disorder] (36070007);Ataxia-telangiectasia syndrome [disorder] (68504005),n/a,n/a,Yes/No,IVC workbook
149,T-lymphocyte [cell-mediated and humoral] - interferon-gamma/Interleukin 12 axis deficiencies,Administer to persons who have T-lymphocyte [cell-mediated and humoral] - interferon-gamma or interferon-alpha.,Do not vaccinate with live attenuated typhoid virus [Ty21a] if the patient has T-lymphocyte [cell-mediated and humoral] - interferon-gamma/Interleukin 12 axis deficiencies.,n/a,n/a,n/a,n/a,Yes/No,IVC workbook
150,T-lymphocyte [cell-mediated and humoral] - interferon-gamma or interferon-alpha deficiencies,Administer to persons who have T-lymphocyte [cell-mediated and humoral] - interferon-gamma or interferon-alpha deficiencies.,Do not vaccinate if the patient has cell-mediated or humoral T-lymphocyte defects related to interferon-gamma or interferon-alpha deficiencies.,n/a,n/a,n/a,n/a,Yes/No,IVC workbook
151,"Persistent complement, properdin, or factor B deficiency","Administer to persons who have persistent complement component deficiencies, including inherited or chronic deficiencies in C3, C5-9, properdin, factor D, factor H, or who are taking eculizumab [Soliris].",n/a,n/a,Complement deficiency disease [disorder] (24743004);Properdin deficiency disease [disorder] (81166004);Factor B deficiency [disorder] (234605000),n/a,n/a,Yes/No,IVC workbook
152,Phagocytic function - Chronic granulomatous disease,Administer to persons who have chronic granulomatous disease.,Do not vaccinate if the patient has phagocytic function - chronic granulomatous disease.,n/a,Chronic granulomatous disease [disorder] (387759001),n/a,n/a,Yes/No,IVC workbook
153,"Phagocytic function - Leukocyte adhesion defect, and myeloperoxidase deficiency",Administer to persons who have a phagocytic function defect [e.g. leukocyte adhesion defect and myeloperoxidase deficiency].,Do not vaccinate if the patient has a phagocytic function defect [e.g. leukocyte adhesion defect and myeloperoxidase deficiency].,"Phagocytic deficiencies that are undefined or accompanied by defects in T-cell and NK cell dysfunction (such as a Chediak-Higashi syndrome, Leukocyte Adhesion Deficiency [LAD], and myeloperoxidase deficiency)",Congenital leukocyte adherence deficiency [disorder] (77358003);Myeloperoxidase deficiency [disorder] (234433009),n/a,n/a,Yes/No,IVC workbook
154,HIV/AIDS - severely immunocompromised,"Administer to persons who have HIV/AIDS and are severely immunocompromised [See the CDC general recommendations for a definition of ""severely immunocompromised""].","Do not vaccinate if the patient has HIV/AIDS and is severely immunocompromised [See the CDC general recommendations for a definition of ""severely immunocompromised""].","See CDC general recommendations for guidance on defining ""severely immunocompromised""",Acquired immune deficiency syndrome [disorder] (62479008),n/a,n/a,Yes/No,IVC workbook
155,HIV/AIDS - not severely immunocompromised,"Administer to persons who have HIV/AIDS and are not severely immunocompromised [See the CDC general recommendations for a definition of ""severely immunocompromised""].",n/a,"See CDC general recommendations for guidance on defining ""not severely immunocompromised""",Acquired immune deficiency syndrome [disorder] (62479008),n/a,n/a,Yes/No,IVC workbook
156,Generalized malignant neoplasm,Administer to persons who have generalized malignant neoplasm.,Do not vaccinate if the patient has generalized malignant neoplasm.,n/a,n/a,n/a,n/a,Yes/No,IVC workbook
157,Solid organ transplantation,Administer to persons who have received a solid organ transplant.,Do not vaccinate if the patient received a solid organ transplant.,n/a,Solid organ transplant [procedure] (313039003),n/a,n/a,Yes/No,IVC workbook
158,Immunosuppressive therapy,"Administer to persons who are undergoing immunosuppressive therapy. Immunosuppressive medications include those given to prevent solid organ transplant rejection, human immune mediators like interleukins and colony-stimulating factors, immune modulators like levamisol and BCG bladder-tumor therapy, and medicines like tumor necrosis factor alpha inhibitors and anti-B cell antibodies. ","Do not vaccinate if the patient is undergoing immunosuppressive therapy. Immunosuppressive medications include those given to prevent solid organ transplant rejection, human immune mediators like interleukins and colony-stimulating factors, immune modulators like levamisol and BCG bladder-tumor therapy, and medicines like tumor necrosis factor alpha inhibitors and anti-B cell antibodies. ","Immunosuppressive medications include those given to prevent solid organ transplant rejection, human immune mediators like interleukins and colony-stimulating factors, immune modulators like levamisol and BCG bladder-tumor therapy, and medicines like tumor necrosis factor alpha inhibitors and anti-B cell antibodies.",Immunosuppressive therapy [procedure] (86553008),n/a,n/a,Yes/No,IVC workbook
159,Radiation therapy,Administer to persons who are undergoing radiation therapy.,Do not vaccinate if the patient is undergoing radiation therapy.,n/a,Radiation therapy procedure or service [procedure] (53438000),n/a,n/a,Yes/No,IVC workbook
160,Anatomical or functional asplenia,"Administer to persons with anatomic or functional asplenia, including sickle cell disease.",Do not vaccinate if the patient has anatomical or functional asplenia.,"e.g. Sickle cell disease, congenital or acquired asplenia, splenic dysfunction, and splenectomy",Asplenia [disorder] (707147002),n/a,n/a,Yes/No,IVC workbook
161,Chronic kidney disease,Administer to persons with chronic kidney disease.,Do not vaccinate if the patient has chronic kidney disease.,n/a,Chronic kidney disease [disorder] (709044004),n/a,n/a,Yes/No,IVC workbook
162,Travel to areas at risk for Yellow Fever transmission,Administer to persons who travel to areas at risk for Yellow Fever transmission.,n/a,"Given that changes in the designation of endemic regions can occur, travelers and health-care providers should obtain updated information from CDC, available at https://www.cdc.gov/yellow-book/hcp/travel-associated-infections-diseases/yellow-fever.html",n/a,n/a,n/a,Yes/No,IVC workbook
163,Travel to areas in which there is a recognized risk of exposure to S. typhi,Administer to persons who travel to areas in which there is a recognized risk of exposure to S. typhi.,n/a,n/a,n/a,n/a,n/a,Yes/No,IVC workbook
164,Travel to or are residents of countries in which meningococcal disease is hyperendemic or epidemic,Administer to persons who travel to or are residents of countries in which meningococcal disease is hyperendemic or epidemic.,n/a,n/a,n/a,n/a,n/a,Yes/No,IVC workbook
165,"Longer-term (e.g., 1 month or more) travel to a JE-endemic area","Administer to persons who plan for longer-term (e.g., 1 month or more) travel to JE-endemic areas.",n/a,Endemic Area and transmission season is determined by country.  Refer to the yellow book for a definition of the transmission season: https://www.cdc.gov/yellow-book/hcp/travel-associated-infections-diseases/japanese-encephalitis.html,n/a,n/a,n/a,Yes/No,IVC workbook
166,Travel to countries with high or intermediate prevalence of chronic HBV infection,Administered to persons who travel to countries with high or intermediate prevalence of chronic HBV infection.,n/a,n/a,n/a,n/a,n/a,Yes/No,IVC workbook
167,Nephrotic Syndrome,Administer to persons with nephrotic syndrome.,n/a,n/a,Nephrotic syndrome [disorder] (52254009),n/a,n/a,Yes/No,IVC workbook
168,Chemotherapy,Administer to persons who are undergoing chemotherapy.,"Do not vaccinate if the patient is undergoing chemotherapy, including 14 days before the start of therapy and 3 months after the completion of therapy.",n/a,Chemotherapy [procedure] (367336001),n/a,n/a,Yes/No,IVC workbook
169,History of sexual abuse or assault,Administer to persons who have a history of sexual abuse or assault.,n/a,Includes children and youth who are suspected or confirmed victims of sexual abuse or assault.,Sexual abuse [event] (213017001);Sexual assault [finding](422608009);Sexual assault [event] (248110007),n/a,n/a,Yes/No,IVC workbook
170,Onset of pregnancy,n/a,n/a,n/a,Estimated date of conception [observable entity] (248986005),n/a,n/a,Date,IVC workbook
171,Date of hematopoietic stem cell transplant,n/a,n/a,n/a,n/a,n/a,n/a,Yes/No,IVC workbook
172,Severe allergic reaction after previous dose of recombinant zoster,n/a,Do not vaccinate if the patient has had a severe allergic reaction after a previous dose of recombinant zoster vaccine.,n/a,Adverse reaction caused by zoster vaccine [disorder] (451291000124104),Zoster subunit (187),Allergy to previous dose of this vaccine or to any of its unlisted vaccine components [anaphylactic] (VXC20),Yes/No,IVC workbook
173,Moving to JE-endemic country to take up residence,Administer to persons who plan to move to JE-endemic countries to take up residence.,n/a,Endemic Area and transmission season is determined by country.  Refer to the yellow book for a definition of the transmission season: https://www.cdc.gov/yellow-book/hcp/travel-associated-infections-diseases/japanese-encephalitis.html,n/a,n/a,n/a,Yes/No,IVC workbook
174,Frequent travel to JE-endemic areas,Administer to persons who frequently travel to JE-endemic areas.,n/a,Endemic Area and transmission season is determined by country.  Refer to the yellow book for a definition of the transmission season: https://www.cdc.gov/yellow-book/hcp/travel-associated-infections-diseases/japanese-encephalitis.html,n/a,n/a,n/a,Yes/No,IVC workbook
175,Patient seeks Hepatitis A protection,Administer to persons seeking protection from Hepatitis A.,n/a,n/a,n/a,n/a,n/a,Yes/No,IVC workbook
176,Patient seeks Hepatitis B protection,Administer to persons seeking protection from Hepatitis B.,n/a,n/a,n/a,n/a,n/a,Yes/No,IVC workbook
177,Patient seeks Meningococcal B protection,Administer to persons seeking protection from Meningococcal B.,n/a,n/a,n/a,n/a,n/a,Yes/No,IVC workbook
178,Leukemia,Administer to persons with leukemia.,n/a,n/a,"Leukemia, disease [disorder] (93143009)",n/a,n/a,Yes/No,IVC workbook
179,Lymphoma,Administer to persons with lymphoma.,n/a,n/a,Lymphoma [finding] (399600009),n/a,n/a,Yes/No,IVC workbook
180,Hodgkin's disease,Administer to persons with Hodgkin's disease.,n/a,n/a,Hodgkin's disease [disorder] (118599009),n/a,n/a,Yes/No,IVC workbook
181,Multiple myeloma,Administer to persons with multiple myeloma.,n/a,n/a,Multiple myeloma [disorder] (109989006),n/a,n/a,Yes/No,IVC workbook
182,Ebola virus outbreak response,Administer to persons responding to an outbreak of Ebola Virus Disease.,n/a,n/a,n/a,n/a,n/a,Yes/No,IVC workbook
183,Health care personnel at federally designated Ebola treatment center in U.S.,Administer to persons working as health care personnel at federally designated Ebola treatment centers in the United States,n/a,n/a,n/a,n/a,n/a,Yes/No,IVC workbook
184,Laboratorians or other staff at biosafety level 4 facilities in U.S.,Administer to persons working as Laboratorians or other staff at biosafety level 4 facilities in U.S.,n/a,n/a,n/a,n/a,n/a,Yes/No,IVC workbook
185,Persons in settings that provide services to adults with high proportion of those persons have risk factors for HAV infection,Administer to persons in settings that provider services to adults with high proportion of those persons have risk factors HAV infection,n/a,n/a,n/a,n/a,n/a,Yes/No,IVC workbook
186,HIV Infection,Administer to persons with HIV Infection,Do not vaccinate if the patient has an HIV Infection.,n/a,Human immunodeficiency virus infection [disorder] (86406008),n/a,n/a,Yes/No,IVC workbook
187,Allergic reaction to polysorbate 80,n/a,Do not vaccinate if the patient has had an immediate allergic reaction of any severity to polysorbate 80.,n/a,n/a,n/a,n/a,Yes/No,IVC workbook
188,Known allergy to Polyethylene glycol [PEG],n/a,Do not vaccinate if the patient has known allergy to Polyethylene glycol [PEG].,n/a,n/a,n/a,n/a,Yes/No,IVC workbook
189,Active treatment for solid tumors,Administer to persons receiving active treatment for solid tumors,n/a,n/a,n/a,n/a,n/a,Yes/No,IVC workbook
190,Active treatment for hematologic malignancies,Administer to persons receiving active treatment for hematologic malignancies,n/a,n/a,n/a,n/a,n/a,Yes/No,IVC workbook
191,Receipt of CAR-T-cell therapy,Administer to persons receiving CAR-T-cell therapy,n/a,n/a,Chimeric antigen receptor T-cell immunotherapy [procedure] (1156961008),n/a,n/a,Yes/No,IVC workbook
192,Severe allergic reaction after previous dose of any egg-based IIV or LAIV influenza vaccine,n/a,Do not vaccinate with any egg-based IIV or LAIV influenza vaccine if the patient has had a severe allergic reaction after a previous dose of an egg-based IIV or LAIV influenza vaccine.,n/a,n/a,n/a,n/a,Yes/No,IVC workbook
193,Severe allergic reaction after previous dose of any ccIIV influenza vaccine,n/a,Do not vaccinate with any ccIIV or egg-based IIV or LAIV influenza vaccine if the patient has had a severe allergic reaction after a previous dose of a ccIIV influenza vaccine.,n/a,n/a,n/a,n/a,Yes/No,IVC workbook
194,Severe allergic reaction after previous dose of any RIV influenza vaccine,n/a,Do not vaccinate with any RIV or egg-based IIV or LAIV influenza vaccine if the patient has had a severe allergic reaction after a previous dose of an RIV influenza vaccine.,n/a,n/a,n/a,n/a,Yes/No,IVC workbook
195,Occupations at increased risk for COVID-19 exposure and transmission,Administer to persons at increased occupational risk for COVID-19 exposure and transmission.,n/a,Occupations at increased risk for COVID-19 exposure and transmission and may get a booster shot based on their individual benefits and risks,n/a,n/a,n/a,Yes/No,IVC workbook
196,Residing in an institutional setting at increased risk for COVID-19 exposure and transmission,Administer to persons residing in institutional settings at increased risk for COVID-19 exposure and transmission.,n/a,"Institutional settings such as health care, schools, correctional facilities, and homeless shelters at increased risk for COVID-19 exposure and transmission and may get a booster shot based on their individual benefits and risks including ",n/a,n/a,n/a,Yes/No,IVC workbook
197,Resident of a long term care facility,Administer to persons residing in a long term care facility,n/a,n/a,n/a,n/a,n/a,Yes/No,IVC workbook
198,Cancer,Administer to persons with cancer,n/a,n/a,Malignant neoplastic disease [disorder] (363346000),n/a,n/a,Yes/No,IVC workbook
199,Interstitial lung disease,Administer to persons with interstitial lung disease,n/a,Having damaged or scarred lung tissue such as interstitial lung disease,Interstitial lung disease [disorder] (233703007),n/a,n/a,Yes/No,IVC workbook
200,Cystic fibrosis,Administer to persons with cystic fibrosis,n/a,n/a,cystic fibrosis [disorder] (190905008),n/a,n/a,Yes/No,IVC workbook
201,Pulmonary hypertension,Administer to persons with hypertension,n/a,n/a,Pulmonary hypertension [disorder] (70995007),n/a,n/a,Yes/No,IVC workbook
202,Dementia,Administer to persons with dementia,n/a,n/a,Dimensia [disorder] (52448006),n/a,n/a,Yes/No,IVC workbook
203,Down syndrome,Administer to persons with down syndrome,n/a,n/a,Complete trisomy 21 syndrome [disorder] (41040004),n/a,n/a,Yes/No,IVC workbook
204,Obesity,Administer to persons with obesity,n/a,"includes BMIs categories of overweight, obese, and severely obese",Overweight [finding](238131007);Obese [finding] (414915002);Severe obesity [disorder] (83911000119104),n/a,n/a,Yes/No,IVC workbook
205,Thalassemia,Administer to persons with thalassemia,n/a,n/a,Thalassemia [disorder] (40108008),n/a,n/a,Yes/No,IVC workbook
206,Cerebrovascular disease,Administer to persons with cerebrovascular disease such as having a stroke,n/a,n/a,Cerebrovascular disease [disorder] (62914000),n/a,n/a,Yes/No,IVC workbook
207,Substance use disorder,"Administer to persons with substance use disorders (e.g., alcohol, opioid, cocaine)",n/a,n/a,n/a,n/a,n/a,Yes/No,IVC workbook
208,Mental Health conditions,Administer to persons with mental health conditions,n/a,"Includes mood disorders, depression, and schizophrenia spectrum disorders.",n/a,n/a,n/a,Yes/No,IVC workbook
209,History of thrombosis with thrombocytopenia following the Janssen COVID-19 Vaccine or any other adenovirus-vectored COVID-19 vaccines,n/a,"Do not administer the Janssen COVID-19 vaccine to individuals with a history of thrombosis with thrombocytopenia following the Janssen COVID-19 vaccine or any other adenovirus-vectored COVID-19 vaccines (e.g., AstraZeneca's COVID-19 vaccine which is not authorized or approved in the United States)",n/a,n/a,n/a,n/a,Yes/No,IVC workbook
210,Severe allergic reaction after previous dose of Dengue vaccine,n/a,Do not vaccinate if the patient has had a severe allergic reaction after a previous dose of Dengue vaccine.,n/a,n/a,n/a,n/a,Yes/No,IVC workbook
211,Evidence of previous dengue infection and living in areas where dengue is endemic,Administer to persons with evidence of previous dengue infection and living in areas where dengue is endemic.,n/a,n/a,n/a,n/a,n/a,Yes/No,IVC workbook
212,Health care personnel involved in the care and transport of patients with suspected or confirmed Ebola virus disease at Special Pathogen Treatment Centers,Administer to persons working as Health care personnel involved in the care and transport of patients with suspected or confirmed Ebola virus disease at Special Pathogen Treatment Centers.,n/a,n/a,n/a,n/a,n/a,Yes/No,IVC workbook
213,Laboratorians and support staff members at Laboratory Response Network (LRN) facilities that handle specimens that might contain replication-competent Ebola virus in the United States,Administer to persons working as Laboratorians and support staff members at Laboratory Response Network (LRN) facilities that handle specimens that might contain replication-competent Ebola virus in the United States.,n/a,n/a,n/a,n/a,n/a,Yes/No,IVC workbook
214,Chronic obstructive pulmonary disease,Administer to persons with chronic obstructive pulmonary disease,n/a,n/a,Chronic obstructive lung disease [disorder] (13645005),n/a,n/a,Yes/No,IVC workbook
215,Emphysema,Administer to persons with emphysema,n/a,n/a,Pulmonary emphysema [disorder] (87433001),n/a,n/a,Yes/No,IVC workbook
216,Iatrogenic Immunosuppression,Administer to persons with iatrogenic Immunosuppression,n/a,"Diseases requiring treatment with immunosuppressive drugs, including long-term systemic corticosteroids and radiation therapy",n/a,n/a,n/a,Yes/No,IVC workbook
217,Persons working in rabies vaccine production facilities,Administer to persons working in rabies vaccine production facilities,n/a,n/a,n/a,n/a,n/a,Yes/No,IVC workbook
218,Persons performing testing for rabies in diagnostic laboratories,Administer to persons performing testing for rabies in diagnostic laboratories,n/a,n/a,n/a,n/a,n/a,Yes/No,IVC workbook
219,Persons who frequently handle bats,Administer to persons who frequently handle bats.,n/a,n/a,n/a,n/a,n/a,Yes/No,IVC workbook
220,Persons who frequently have contact with bats,Administer to persons who frequently have contact with bats.,n/a,n/a,n/a,n/a,n/a,Yes/No,IVC workbook
221,Persons who frequently enter high-density bat environments,Administer to persons who frequently enter high-density bat environments.,n/a,n/a,n/a,n/a,n/a,Yes/No,IVC workbook
222,Persons who frequently perform animal necropsies,Administer to persons who frequently perform animal necropsies.,n/a,"For example, biologists who frequently enter bat roosts or who collect suspected rabies samples.",n/a,n/a,n/a,Yes/No,IVC workbook
223,Severe allergic reaction after previous dose of orthopoxvirus vaccine,n/a,Do not vaccinate if the patient has had a severe allergic reaction after a previous dose of vaccinia vaccine.,n/a,n/a,n/a,n/a,Yes/No,IVC workbook
224,History or presence of atopic dermatitis,n/a,Do not vaccinate if the patient has history or presence of atopic dermatitis. ,n/a,n/a,n/a,n/a,Yes/No,IVC workbook
225,Household contact with history or presence of atopic dermatitis,n/a,"Do not vaccinate if potential vaccinee has a household contact with history or presence of atopic dermatitis. Household contacts include persons with prolonged intimate contact with the potential vaccinee (e.g., sexual contacts) and others who might have direct contact with the vaccination site or with potentially contaminated materials (e.g., dressings or clothing).",n/a,n/a,n/a,n/a,Yes/No,IVC workbook
226,Active exfoliative skin conditions,n/a,Do not vaccinate if the patient has active exfoliative skin conditions.,"Conditions include eczema, burns, impetigo, varicella-zoster, herpes, severe acne, severe diaper dermatitis with extensive areas of denuded skin, psoriasis, or Darier disease (keratosis follicularis).",n/a,n/a,n/a,Yes/No,IVC workbook
227,Household contact with active exfoliative skin conditions,n/a,"Do not vaccinate if potential vaccinee has a household contact with active exfoliative skin conditions. Household contacts include persons with prolonged intimate contact with the potential vaccinee (e.g., sexual contacts) and others who might have direct contact with the vaccination site or with potentially contaminated materials (e.g., dressings or clothing).","Conditions include eczema, burns, impetigo, varicella-zoster, herpes, severe acne, severe diaper dermatitis with extensive areas of denuded skin, psoriasis, or Darier disease (keratosis follicularis).",n/a,n/a,n/a,Yes/No,IVC workbook
228,Household contact is pregnant,n/a,"Do not vaccinate if potential vaccinee has a household contact who is pregnant. Household contacts include persons with prolonged intimate contact with the potential vaccinee (e.g., sexual contacts) and others who might have direct contact with the vaccination site or with potentially contaminated materials (e.g., dressings or clothing).",n/a,n/a,n/a,n/a,Yes/No,IVC workbook
229,Age is less than 1 year,n/a,Do not vaccinate if the patient age is less than 1 year.,n/a,n/a,n/a,n/a,Yes/No,IVC workbook
230,Household contact who is less than 1 year of age,n/a,"Do not vaccinate if potential vaccinee has a household contact who is less than 1 year of age. Household contacts include persons with prolonged contact with the potential vaccinee and others who might have direct contact with the vaccination site or with potentially contaminated materials (e.g., dressings or clothing).",n/a,n/a,n/a,n/a,Yes/No,IVC workbook
231,3 or more known major cardiac risk factors,n/a,Do not vaccinate if the patient has 3 or more known major cardiac risk factors.,"Major cardiac risk factors include hypertension, diabetes, hypercholesterolemia, heart disease at age ≤50 years in a first-degree relative, and smoking.",n/a,n/a,n/a,Yes/No,IVC workbook
232,"Research laboratory personnel working with more virulent orthopoxviruses (e.g., Variola virus or mpox virus)","Administer to research laboratory personnel working with more virulent orthopoxviruses (e.g., Variola virus or mpox virus)",n/a,n/a,n/a,n/a,n/a,Yes/No,IVC workbook
233,"Clinical laboratory personnel performing diagnostic testing for more virulent orthopoxviruses (e.g., Variola virus or mpox virus)","Administer to clinical laboratory personnel performing diagnostic testing for more virulent orthopoxviruses (e.g., Variola virus or mpox virus)",n/a,n/a,n/a,n/a,n/a,Yes/No,IVC workbook
234,"Designated response team members working with more virulent orthopoxviruses (e.g., Variola virus or mpox virus)","Administer to designated response team members working with more virulent orthopoxviruses (e.g., Variola virus or mpox virus)",n/a,n/a,n/a,n/a,n/a,Yes/No,IVC workbook
235,"Healthcare personnel who care for patients infected with more virulent orthopoxviruses (e.g., Variola virus or mpox virus)","Administer to healthcare personnel who care for patients infected with more virulent orthopoxviruses (e.g., Variola virus or mpox virus)",n/a,n/a,n/a,n/a,n/a,Yes/No,IVC workbook
236,"Research laboratory personnel working with less virulent orthopoxviruses (e.g., Vaccinia virus or Cowpox virus)","Administer to research laboratory personnel working with less virulent orthopoxviruses (e.g., Vaccinia virus or Cowpox virus)",n/a,n/a,n/a,n/a,n/a,Yes/No,IVC workbook
237,"Clinical laboratory personnel performing diagnostic testing for less virulent orthopoxviruses (e.g., Vaccinia virus or Cowpox virus)","Administer to clinical laboratory personnel performing diagnostic testing for less virulent orthopoxviruses (e.g., Vaccinia virus or Cowpox virus)",n/a,n/a,n/a,n/a,n/a,Yes/No,IVC workbook
238,"Designated response team members working with less virulent orthopoxviruses (e.g., Vaccinia virus or Cowpox virus)","Administer to designated response team members working with less virulent orthopoxviruses (e.g., Vaccinia virus or Cowpox virus)",n/a,n/a,n/a,n/a,n/a,Yes/No,IVC workbook
239,Healthcare personnel who administer ACAM2000,Administer to healthcare personnel who administer ACAM2000,n/a,n/a,n/a,n/a,n/a,Yes/No,IVC workbook
240,"Healthcare personnel who care for patients infected with less virulent orthopoxviruses (e.g., Vaccinia virus or Cowpox virus)","Administer to healthcare personnel who care for patients infected with less virulent orthopoxviruses (e.g., Vaccinia virus or Cowpox virus)",n/a,n/a,n/a,n/a,n/a,Yes/No,IVC workbook
241,Known exposure to mpox,Administer to persons who are known contacts to someone with mpox who are identified by public health authorities,n/a,"People who are known contacts to someone with mpox who are identified by public health authorities, for example via case investigation, contact tracing, or risk exposure assessment",n/a,n/a,n/a,Yes/No,IVC workbook
242,Presumed exposure to mpox,Administer to persons who have presumed exposure to mpox,n/a,"People who are aware that a recent sex partner within the  past 14 days was diagnosed with mpox. Certain gay, bisexual, or other men who have sex with men, or transgender people who have had any of following within the past 14 days: sex with multiple partners (or group sex); sex at a commercial sex venue; or sex in association with an event, venue, or defined geographic area where mpox transmission is occurring.",n/a,n/a,n/a,Yes/No,IVC workbook
243,Lack of laboratory confirmation of a previous Dengue infection,n/a,Do not vaccinate if the patient lacks laboratory confirmation of a previous Dengue infection.,n/a,n/a,n/a,n/a,Yes/No,IVC workbook
244,Severe allergic reaction after previous dose of RSV vaccine,n/a,Do not vaccinate if the patient has had a severe allergic reaction after a previous dose of RSV vaccine.,n/a,n/a,n/a,n/a,Yes/No,IVC workbook
245,American Indian or Alaskan Native,Administer to American Indian or Alaskan Native children,n/a,n/a,American Indian or Alaska Native [racial group] (413490006),n/a,n/a,Yes/No,IVC workbook
246,Severe immunocompromise,Administer to persons with severe immunocompromise.,Do not vaccinate persons with severe immunocompromise.,n/a,n/a,n/a,n/a,Yes/No,IVC workbook
247,"Gay, bisexual, or other man who has sex with men (MSM), or a person who has sex with gay, bisexual, or other MSM who in the past 6 months have had one of the following: 
1) A new diagnosis of ≥ 1 sexually transmitted disease
2)  More than one sex partner
3)  Sex at a commercial sex venue
4)  Sex in association with a large public event in a geographic area where mpox transmission is occurring","Administer to gay, bisexual, or other man who has sex with men (MSM), or a person who has sex with gay, bisexual, or other MSM who in the past 6 months have had one of the following: 
1) A new diagnosis of ≥ 1 sexually transmitted disease
2)  More than one sex partner
3)  Sex at a commercial sex venue
4)  Sex in association with a large public event in a geographic area where mpox transmission is occurring.",n/a,Includes persons who anticipate experiencing any of the risk factors.,n/a,n/a,n/a,Yes/No,IVC workbook
248,"Sexual partners of gay, bisexual, or other man who has sex with men (MSM), or a person who has sex with gay, bisexual, or other MSM who in the past 6 months have had one of the following: 
1) A new diagnosis of ≥ 1 sexually transmitted disease
2)  More than one sex partner
3)  Sex at a commercial sex venue
4)  Sex in association with a large public event in a geographic area where mpox transmission is occurring","Administer to sexual partners of gay, bisexual, or other man who has sex with men (MSM), or a person who has sex with gay, bisexual, or other MSM who in the past 6 months have had one of the following: 
1) A new diagnosis of ≥ 1 sexually transmitted disease
2)  More than one sex partner
3)  Sex at a commercial sex venue
4)  Sex in association with a large public event in a geographic area where mpox transmission is occurring.",n/a,Includes persons who anticipate experiencing any of the risk factors.,n/a,n/a,n/a,Yes/No,IVC workbook
249,Moving or traveling to an area where TBE is endemic and will have extensive exposure to ticks because of their planned outdoor activities and itinerary,Administer to persons moving or traveling to an area where TBE is endemic and will have extensive exposure to ticks because of their planned outdoor activities and itinerary,n/a,"Endemic Area and transmission season is determined by country.  Refer to the yellow book for a definition of the transmission season: https://www.cdc.gov/yellow-book/hcp/travel-associated-infections-diseases/tick-borne-encephalitis.html
",n/a,n/a,n/a,Yes/No,IVC workbook
250,Moving or traveling to an area where TBE is endemic who might engage in outdoor activities in areas where ticks are likely to be found,TBE vaccine may be considered for persons moving or traveling to an area where TBE is endemic who might engage in outdoor activities in areas where ticks are likely to be found,n/a,"Endemic Area and transmission season is determined by country.  Refer to the yellow book for a definition of the transmission season: https://www.cdc.gov/yellow-book/hcp/travel-associated-infections-diseases/tick-borne-encephalitis.html
",n/a,n/a,n/a,Yes/No,IVC workbook
251,Laboratory workers with a potential for exposure to TBE virus,Administer to laboratory workers with a potential for exposure to TBE virus,n/a,n/a,n/a,n/a,n/a,Yes/No,IVC workbook
252,Severe allergic reaction after previous dose of Tick-borne Encephalitis vaccine,n/a,Do not vaccinate if the patient has had a severe allergic reaction after a previous dose of Tick-borne Encephalitis vaccine.,n/a,n/a,"Tick-borne encephalitis vaccine (non-US) (77);Tick-borne encephalitis, unspecified (222);Tick-borne encephalitis, inactivated, PF, 0.25mL (223);Tick-borne encephalitis, inactivated, PF, 0.5mL (224)",Allergy to previous dose of this vaccine or to any of its unlisted vaccine components [anaphylactic] (VXC20),Yes/No,IVC workbook
253,Moderate persistent or severe persistent asthma,Administer to persons who have Moderate persistent or severe persistent asthma.,n/a,n/a,Moderate Asthma [disorder] (370219009);Moderate Persistent Asthma [disorder] (427295004);Severe Asthma [disorder] (370221004);Severe Persistent Asthma [disorder] (426656000);Persistent Asthma [disorder] (5281000124103);Steroid dependent asthma [disorder] (2360001000004109),n/a,n/a,Yes/No,IVC workbook
254,Chronic cardiovascular disease,Administer to persons with chronic cardiovascular disease.,n/a,"Includes heart failure, coronary artery disease, congenital heart disease, excluding isolated hypertension",Chronic disease of cardiovascular system [disorder] (128292002);Peripheral vascular disease [disorder] (400047006);Limb ischemia [disorder] (21631000119105);Intermittent claudication [finding] (63491006);Arterial thrombosis [disorder] (65198009);Chronic vascular insufficiency of intestine [disorder] (111354009);Pulmonary hypertension [disorder] (70995007);Pulmonary embolism [disorder] (59282003);Portal vein thrombosis [disorder] (17920008);Aortic aneurysm [disorder] (67362008);Type II dissection of thoracic aorta [disorder] (233996000);Dissection of proximal aorta [disorder] (301899003);Dissection of distal aorta [disorder] (233997009);Dissection of aortic arch [disorder] (27631000146108);Medionecrosis of aorta [disorder] (45894003);Dissection of infrarenal aorta [disorder] (1303726005),n/a,n/a,Yes/No,IVC workbook
256,Diabetes mellitus complicated by chronic kidney disease,Administer to persons with diabetes mellitus complicated by chronic kidney disease,n/a,n/a,Disorder of kidney due to diabetes mellitus [disorder] (127013003),n/a,n/a,Yes/No,IVC workbook
257,Severe obesity,Administer to persons with severe obesity,n/a,n/a,Severe obesity [disorder] (83911000119104);Body mass index 40+ - severely obese [finding] (408512008),n/a,n/a,Yes/No,IVC workbook
258,Chronic hematologic disorders,Administer to persons with chronic hematologic disorders.,n/a,Includes sickle cell disease and thalassemia.,Disorder of hematopoietic structure [disorder] (414027002);Sickling disorder due to hemoglobin S [disorder] (417357006);Thalassemia [disorder] (40108008),n/a,n/a,Yes/No,IVC workbook
259,Sickle cell disease,Administer to persons with sickle cell disease.,n/a,n/a,Sickling disorder due to hemoglobin S [disorder] (417357006),n/a,n/a,Yes/No,IVC workbook
260,Neurologic or neuromuscular conditions causing impaired airway clearance or respiratory muscle weakness,Administer to persons with neurologic or neuromuscular conditions causing impaired airway clearance or respiratory muscle weakness,n/a,"Includes poststroke dysphagia, amyotrophic lateral sclerosis, muscular dystrophy; excluding history of stroke without impaired airway clearance",Chronic respiratory failure due to neuromuscular disease [disorder] (350586651000119105);Ineffective airway clearance [finding] (67750007),n/a,n/a,Yes/No,IVC workbook
261,Resident of a nursing home,Administer to persons who reside in a nursing home,n/a,n/a,Lives in nursing home [finding] (160734000),n/a,n/a,Yes/No,IVC workbook
262,Frailty,Administer to persons who are frail,n/a,n/a,Frailty [finding] (248279007) ,n/a,n/a,Yes/No,IVC workbook
263,Diabetes mellitus complicated by neuropathy,Administer to persons with diabetes mellitus complicated by neuropathy,n/a,n/a,Neuropathy due to diabetes mellitus [disorder] (230572002),n/a,n/a,Yes/No,IVC workbook
264,Diabetes mellitus complicated by retinopathy,Administer to persons with diabetes mellitus complicated by retinopathy,n/a,n/a,Retinopathy due to diabetes mellitus [disorder] (4855003),n/a,n/a,Yes/No,IVC workbook
265,Diabetes mellitus complicated by end-organ damage,Administer to persons with diabetes mellitus complicated by end-organ damage,n/a,n/a,n/a,n/a,n/a,Yes/No,IVC workbook
266,Diabetes requiring treatment with insulin,Administer to persons with diabetes requiring treatment with insulin,n/a,n/a,Diabetic on insulin [finding] (170747006) ,n/a,n/a,Yes/No,IVC workbook
267,Diabetes requiring treatment with sodium-glucose cotransporter-2 (SGLT2) inhibitor,Administer to persons with diabetes requiring treatment with sodium-glucose cotransporter-2 (SGLT2) inhibitor,n/a,n/a,n/a,n/a,n/a,Yes/No,IVC workbook
268,Islet Transplantation,Administer to persons who received an islet transplant,n/a,n/a,Islet cell transplant [procedure] (128531006),n/a,n/a,Yes/No,IVC workbook
269,Transplantation,Administer to persons who received a transplant,n/a,n/a,Transplantation [procedure] (77465005),n/a,n/a,Yes/No,IVC workbook
270,Severe allergic reaction after previous dose of Chikungunya vaccine,n/a,Do not vaccinate if the patient has had a severe allergic reaction after previous dose of Chikungunya vaccine,n/a,n/a,"Chikungunya live attenuated vaccine, 0.5 mL, PF (317)",n/a,Yes/No,IVC workbook
271,Traveling to a country or territory where there is a chikungunya outbreak,Administer to persons traveling to a country or territory where there is a chikungunya outbreak,n/a,n/a,n/a,n/a,n/a,Yes/No,IVC workbook
272,"Traveling or moving to a country or territory without an outbreak but with elevated chikungunya risk for U.S. travelers if planning to stay for an extended period of time [e.g., 6 months or more]","Persons traveling or moving to a country or territory without an outbreak but with elevated chikungunya risk for U.S. travelers if planning to stay for an extended period of time [e.g., 6 months or more] may consider vaccination",n/a,n/a,n/a,n/a,n/a,Yes/No,IVC workbook
273,Immunoglobulin deficiency,Administer to persons with an immunoglobulin deficiency,n/a,n/a,Deficiency of immunoglobulin [disorder] (124950009),n/a,n/a,Yes/No,IVC workbook
274,Early component complement inhibitor use,Administer to persons using an early component complement inhibitor,n/a,n/a,n/a,n/a,n/a,Yes/No,IVC workbook
275,Persons at risk during a measles outbreak,Administer to persons identified as at increased risk during a community measles outbreak.,n/a,n/a,n/a,n/a,n/a,Yes/No,IVC workbook
276,Age is 60 years or older,n/a,Do not vaccinate if the patient age is 60 years or older.,n/a,n/a,n/a,n/a,Yes/No,IVC workbook
277,Laboratory worker with potential for exposure to chikungunya virus,Administer to laboratory workers with potential for exposure to chikungunya virus,n/a,n/a,n/a,n/a,n/a,Yes/No,IVC workbook
278,Birth mother received RSV vaccine during pregnancy,n/a,Do not vaccinate if the birth mother received RSV vaccine during pregnancy,"The infant should not receive nirsevimab younger than 8 months unless the pregnant mother received an RSV vaccine and encountered one of the following issues. The dose was administered in the incorrect route/site, was of lower than recommended volume, was administered before 24 weeks gestation, was administered less than 14 days before birth, was not the Pfizer/Abrysvo or Moderna/Mresvia product, had preparation errors prior to administration, or had storage issues.",n/a,n/a,n/a,Yes/No,IVC workbook
279,Hemoglobinopathy disorder,Administer to persons with a hemoglobinopathy disorder,Do not vaccinate if the patient has a hemoglobinopathy disorder.,n/a,hemoglobinopathy [disorder] (80141007),n/a,n/a,Yes/No,IVC workbook
280,Chronic lung disease of prematurity,Administer to persons who have chronic lung disease of prematurity,n/a,"e.g. chronic corticosteroid therapy, diuretic therapy, or supplemental oxygen",Bronchopulmonary dysplasia of newborn [disorder] (67569000),n/a,n/a,Yes/No,IVC default (not in workbook)
